centre;var;dim;cos2
9;hr;5;0,000111972627845384
1;gender;1;1,95496508149018e-06
1;gender;2;0,0139625226135119
1;gender;3;6,72593515432744e-07
1;gender;4;0,135209831009535
1;gender;5;0,0541256792352541
1;copd;1;1,42520827301791e-07
1;copd;2;9,46994741127331e-06
1;copd;3;0,176209487748536
1;copd;4;0,000149344468914264
1;copd;5;3,29934162424117e-05
1;hypertension;1;0,000479138240154222
1;hypertension;2;0,134953874524426
1;hypertension;3;0,00275995269149217
1;hypertension;4;0,00101872855843444
1;hypertension;5;2,64794153199194e-05
1;previoushf;1;0,12066607864646
1;previoushf;2;0,00179853787867166
1;previoushf;3;0,0422627220065855
1;previoushf;4;9,64897739233432e-05
1;previoushf;5;0,000379561931959729
1;afib;1;1,4350196358287e-05
1;afib;2;0,000271000297053377
1;afib;3;0,0347648513163392
1;afib;4;0,00967560994947944
1;afib;5;0,263950326194461
1;cad;1;0,0345032886352159
1;cad;2;0,100686729456853
1;cad;3;9,60831071602402e-09
1;cad;4;0,000161518611131013
1;cad;5;0,00499854771628114
1;bmi;1;0,00498171375712266
1;bmi;2;3,6505745069978e-06
1;bmi;3;0,205662840080749
1;bmi;4;0,00715546511340269
1;bmi;5;0,022072202961686
1;age;1;0,0635749266450034
1;age;2;0,0322741663367416
1;age;3;0,0127314772612212
1;age;4;3,36367837852164e-05
1;age;5;0,00142636211236582
1;egfr;1;0,0711719966589631
1;egfr;2;0,0115683218121363
1;egfr;3;0,000418151182236764
1;egfr;4;0,00467018534368178
1;egfr;5;0,000293248092482382
1;sbp;1;0,125675737500097
1;sbp;2;0,0966386641066433
1;sbp;3;0,000238360493261352
1;sbp;4;0,00508200719575971
1;sbp;5;0,000607517227372057
1;dbp;1;0,348212305788399
1;dbp;2;0,0273468240471644
1;dbp;3;2,18805594363436e-05
1;dbp;4;1,29601783280584e-10
1;dbp;5;6,76424176212191e-05
1;hr;1;0,0338794103970052
1;hr;2;2,8830643476981e-09
1;hr;3;0,000232060443023581
1;hr;4;0,145079219556723
1;hr;5;3,03272937265511e-07
12;gender;1;0,00644169358083233
12;gender;2;0,000280114144179681
12;gender;3;0,268933652336324
12;gender;4;0,000392337547635385
12;gender;5;4,44537431436606e-05
12;copd;1;0,00907401446464858
12;copd;2;0,021608551690014
12;copd;3;0,0132206907704864
12;copd;4;0,0509053346506019
12;copd;5;4,81954829014358e-09
12;hypertension;1;0,0106049765062283
12;hypertension;2;0,0639403575144119
12;hypertension;3;0,00579699853024463
12;hypertension;4;0,00301696007790609
12;hypertension;5;0,00312871571680654
12;previoushf;1;0,139443576620609
12;previoushf;2;0,002117140386353
12;previoushf;3;0,00172488609463208
12;previoushf;4;0,0100687968310623
12;previoushf;5;0,00510731273677579
12;afib;1;0,00724537970450785
12;afib;2;0,0370442933336747
12;afib;3;3,91371529721007e-05
12;afib;4;0,0604888082483429
12;afib;5;0,000128172460985358
12;cad;1;0,0485976102599041
12;cad;2;0,00526444977995367
12;cad;3;0,000241104143230872
12;cad;4;8,46824726443869e-07
12;cad;5;0,244560732600023
12;bmi;1;0,00824669437093903
12;bmi;2;0,127889212782144
12;bmi;3;0,00289386362636492
12;bmi;4;4,52255360551468e-06
12;bmi;5;0,00106219770812342
12;age;1;4,25723314671618e-05
12;age;2;0,00117470196351223
12;age;3;0,0872195488410392
12;age;4;0,0628424431141966
12;age;5;5,12611385532991e-06
12;egfr;1;0,0331697142224405
12;egfr;2;0,00512179248823249
12;egfr;3;0,048699390832091
12;egfr;4;3,59894331923791e-05
12;egfr;5;0,0284409352724727
12;sbp;1;0,055731981044176
12;sbp;2;0,124614627682113
12;sbp;3;0,000131928185966367
12;sbp;4;0,015811293108282
12;sbp;5;0,00016264442761623
12;dbp;1;0,144488953143886
12;dbp;2;0,0624625178250559
12;dbp;3;0,00685213751352819
12;dbp;4;0,0127910132053575
12;dbp;5;7,99748708294033e-05
12;hr;1;0,114523678968467
12;hr;2;0,00149590936983488
12;hr;3;0,00223225151394818
12;hr;4;9,82665474811551e-06
12;hr;5;0,01445301392749
13;gender;1;0,0529516852794116
13;gender;2;0,129105550148517
13;gender;3;0,000188964575114565
13;gender;4;0,00420693142778247
13;gender;5;0,00116209457765681
13;copd;1;0,0118848101778678
13;copd;2;0,0647043230764426
13;copd;3;0,00504058478152001
13;copd;4;0,0484401446624903
13;copd;5;0,00283479392306909
13;hypertension;1;0,024837229713237
13;hypertension;2;0,000600456313177677
13;hypertension;3;0,075503859575746
13;hypertension;4;5,57737401643236e-09
13;hypertension;5;0,000403195982395855
13;previoushf;1;0,0006510756922451
13;previoushf;2;0,00105618852304886
13;previoushf;3;0,00448690047768592
13;previoushf;4;0,118838126418984
13;previoushf;5;0,0177532190542911
13;afib;1;0,00342932880805502
13;afib;2;0,0126875069132996
13;afib;3;0,0021193250570342
13;afib;4;9,40952309885536e-07
13;afib;5;0,106786835721715
13;cad;1;0,0590657934103387
13;cad;2;0,00704966000720702
13;cad;3;0,00282291858567102
13;cad;4;0,054148288583565
13;cad;5;1,49002687569849e-05
13;bmi;1;5,38652694110423e-07
13;bmi;2;0,0759246388921984
13;bmi;3;6,95006510310809e-13
13;bmi;4;0,0791060638483907
13;bmi;5;0,000778926050475661
13;age;1;0,000398304936936509
13;age;2;0,00886290618647698
13;age;3;0,29096583190995
13;age;4;0,000897287890687326
13;age;5;1,88817543390811e-08
13;egfr;1;0,00130960399027771
13;egfr;2;0,0196121430955646
13;egfr;3;0,00368682471357705
13;egfr;4;0,0432327575092355
13;egfr;5;0,125324588142524
13;sbp;1;0,354990704205893
13;sbp;2;0,000201066845908024
13;sbp;3;0,000450696125814801
13;sbp;4;0,00174793238476675
13;sbp;5;0,0113435153318752
13;dbp;1;0,0861567021284052
13;dbp;2;0,0338743010761769
13;dbp;3;0,0902696391590661
13;dbp;4;0,000204833885704312
13;dbp;5;6,8319425198212e-11
13;hr;1;0,0100776057718762
13;hr;2;0,00848151714352942
13;hr;3;0,0111006477346596
13;hr;4;2,00702133557855e-09
13;hr;5;0,00604594293102834
15;gender;1;0,0461066556484555
15;gender;2;0,000379547612767256
15;gender;3;0,00531501309567192
15;gender;4;0,142345984285668
15;gender;5;1,51097909471029e-05
15;copd;1;0,00818366116800498
15;copd;2;8,64937605487338e-05
15;copd;3;0,280077014917608
15;copd;4;0,000153298672642707
15;copd;5;0,000185860619401166
15;hypertension;1;0,000364918913574169
15;hypertension;2;0,00458093364679199
15;hypertension;3;0,095977941382947
15;hypertension;4;0,0241833664076388
15;hypertension;5;0,0011083503537872
15;previoushf;1;0,0920199536328705
15;previoushf;2;0,00131522186533873
15;previoushf;3;0,00361258837852182
15;previoushf;4;0,0278017607732127
15;previoushf;5;4,3097477397009e-05
15;afib;1;0,00238933219630934
15;afib;2;1,10934125380992e-10
15;afib;3;0,00117055097044059
15;afib;4;1,26573099553337e-07
15;afib;5;0,328887962339391
15;cad;1;0,0347159314014745
15;cad;2;1,78626282079036e-05
15;cad;3;5,1991749001284e-09
15;cad;4;0,0784545448461884
15;cad;5;1,59668301512499e-05
15;bmi;1;0,00229336950502012
15;bmi;2;4,50879368924547e-06
15;bmi;3;0,074692517632851
15;bmi;4;0,00075877781445295
15;bmi;5;0,00884622137690263
15;age;1;0,197086531119565
15;age;2;0,000737612817417359
15;age;3;0,0170470548484622
15;age;4;0,000982265617014387
15;age;5;2,60707342500103e-05
15;egfr;1;0,154866576631574
15;egfr;2;0,00055156205527041
15;egfr;3;0,00631339365958058
15;egfr;4;1,21598647182375e-05
15;egfr;5;0,00537034781561025
15;sbp;1;3,70784206860711e-05
15;sbp;2;0,714342969248904
15;sbp;3;5,71316912927539e-05
15;sbp;4;0,000114775981460376
15;sbp;5;1,56516426555358e-06
15;dbp;1;0,00359208385553812
15;dbp;2;0,448118466546483
15;dbp;3;3,01668148930937e-06
15;dbp;4;0,00184862197381961
15;dbp;5;0,00287635263625829
15;hr;1;0,0740555739682336
15;hr;2;9,33474423204647e-05
15;hr;3;0,000796320433538954
15;hr;4;0,00667145890608911
15;hr;5;0,0480085187363285
16;gender;1;0,0157977837223818
16;gender;2;0,0111847121883474
16;gender;3;0,000133393926698416
16;gender;4;0,0461815057635498
16;gender;5;0,00721980217564118
16;copd;1;2,53331100305692e-07
16;copd;2;0,0113078406337826
16;copd;3;0,101188560101201
16;copd;4;0,000602801999808214
16;copd;5;0,0313687470018457
16;hypertension;1;0,0853681975106257
16;hypertension;2;0,0228514668542017
16;hypertension;3;9,87439986612268e-05
16;hypertension;4;6,05540030699717e-11
16;hypertension;5;0,0046062958665701
16;previoushf;1;0,000630216685145911
16;previoushf;2;0,00553672051606218
16;previoushf;3;0,0445811151104371
16;previoushf;4;0,00253838104020184
16;previoushf;5;0,247022148826136
16;afib;1;0,0672814547874608
16;afib;2;0,010876640837899
16;afib;3;0,00077761175220783
16;afib;4;0,00251583879430213
16;afib;5;0,000352912921837514
16;cad;1;0,0032355799701287
16;cad;2;0,0129113894508194
16;cad;3;0,000474995080841247
16;cad;4;0,319742885058131
16;cad;5;1,98532103039802e-05
16;bmi;1;0,036134068328363
16;bmi;2;0,00146251351339503
16;bmi;3;0,00663488419543715
16;bmi;4;0,000178910497033309
16;bmi;5;3,31144203314191e-08
16;age;1;0,0945479081216241
16;age;2;0,0983010123718124
16;age;3;2,31578344313545e-07
16;age;4;0,000163906949817808
16;age;5;0,0002918613312985
16;egfr;1;2,23523834940947e-08
16;egfr;2;0,180503390551736
16;egfr;3;8,13852977673386e-06
16;egfr;4;0,000507329133061324
16;egfr;5;0,00669785268748363
16;sbp;1;0,371707705575229
16;sbp;2;0,010716856912854
16;sbp;3;8,09305204964656e-05
16;sbp;4;0,0148260226375964
16;sbp;5;2,20521510133696e-10
16;dbp;1;0,213226496518572
16;dbp;2;0,0612912029903293
16;dbp;3;0,00144820959060683
16;dbp;4;0,00489734245684615
16;dbp;5;5,80390652024476e-06
16;hr;1;0,000328080948639468
16;hr;2;8,92057790433611e-05
16;hr;3;0,28165829025095
16;hr;4;0,00204042935915287
16;hr;5;0,000515323379380816
17;gender;1;9,43813311666936e-05
17;gender;2;0,0124110753041776
17;gender;3;6,32528594627879e-07
17;gender;4;0,120719085241016
17;gender;5;0,00183883452856837
17;copd;1;1,90804058836495e-09
17;copd;2;0,00028612434858839
17;copd;3;0,00715935264881727
17;copd;4;0,0849992189944605
17;copd;5;0,00128138982590914
17;hypertension;1;0,00139951957513274
17;hypertension;2;0,129869926457973
17;hypertension;3;0,00939275911334014
17;hypertension;4;0,00101275853887935
17;hypertension;5;0,00440141249742976
17;previoushf;1;7,4684788526545e-05
17;previoushf;2;0,0132326242902109
17;previoushf;3;0,0192326556916824
17;previoushf;4;0,0489158046733072
17;previoushf;5;0,0119569241092319
17;afib;1;0,00601853014872477
17;afib;2;0,00285421745697873
17;afib;3;0,140807355773288
17;afib;4;0,000106205169368493
17;afib;5;0,000157435460436581
17;cad;1;0,0161014899217683
17;cad;2;1,43644009025738e-15
17;cad;3;0,0858608432805232
17;cad;4;4,5217379408679e-05
17;cad;5;0,000706780995253347
17;bmi;1;0,00105928325244002
17;bmi;2;3,92970341331677e-05
17;bmi;3;0,00130470970484968
17;bmi;4;0,0447557392837218
17;bmi;5;0,296385494157681
17;age;1;1,21102085122221e-11
17;age;2;0,313610456104961
17;age;3;9,6346695714645e-05
17;age;4;0,00286415185778513
17;age;5;0,00165090302682998
17;egfr;1;0,00103545589720701
17;egfr;2;0,260120246217104
17;egfr;3;1,361389394706e-05
17;egfr;4;4,49635914849985e-05
17;egfr;5;0,00155112385090412
17;sbp;1;0,515664551457199
17;sbp;2;6,59285716835041e-05
17;sbp;3;0,0170893594087281
17;sbp;4;1,35793412517445e-08
17;sbp;5;0,00138495735181515
17;dbp;1;0,631822216756141
17;dbp;2;5,06378092775968e-05
17;dbp;3;0,00326370676608256
17;dbp;4;3,35836838358316e-06
17;dbp;5;0,000956918531634793
17;hr;1;0,0523062967112195
17;hr;2;0,0021576583473841
17;hr;3;0,0463784354545813
17;hr;4;0,00087461666393089
17;hr;5;0,00154898852576056
18;gender;1;0,047039523910059
18;gender;2;0,037866279139039
18;gender;3;0,0033866167980615
18;gender;4;0,00729192048209195
18;gender;5;8,58561442312188e-05
18;copd;1;9,49842670020868e-08
18;copd;2;0,00712335580206975
18;copd;3;1,01609158714338e-06
18;copd;4;6,22473612619434e-05
18;copd;5;0,201403521158684
18;hypertension;1;0,0131851365310999
18;hypertension;2;0,00423298844323017
18;hypertension;3;0,0213138829839095
18;hypertension;4;0,00301735750347488
18;hypertension;5;0,000363720179485556
18;previoushf;1;4,35831257471069e-08
18;previoushf;2;0,000222889860969824
18;previoushf;3;0,126705177763657
18;previoushf;4;0,043079177229005
18;previoushf;5;0,00353661732415936
18;afib;1;0,00712612065599018
18;afib;2;0,000538594756992851
18;afib;3;0,183420104059871
18;afib;4;0,0141430625361878
18;afib;5;0,0103283422592824
18;cad;1;0,0101597362678658
18;cad;2;0,00543539947805735
18;cad;3;0,00177613732993529
18;cad;4;0,00184363978063456
18;cad;5;0,0126672202693837
18;bmi;1;0,000178623068426607
18;bmi;2;0,0252881836487914
18;bmi;3;6,42119170820468e-06
18;bmi;4;0,0700061681562859
18;bmi;5;0,0417714933318588
18;age;1;0,0392948358865553
18;age;2;0,150916300686076
18;age;3;1,14591047230215e-05
18;age;4;0,00681360187775497
18;age;5;0,00152979609055706
18;egfr;1;0,0117889446338471
18;egfr;2;0,0600873632332014
18;egfr;3;0,000304099479339855
18;egfr;4;0,0184147382230396
18;egfr;5;1,99150183942066e-05
18;sbp;1;0,450836038780539
18;sbp;2;0,00294050342274518
18;sbp;3;0,00452631338048251
18;sbp;4;9,66189268812827e-05
18;sbp;5;0,00011969856317532
18;dbp;1;0,376537451230287
18;dbp;2;0,0296534116157077
18;dbp;3;0,000808734325574794
18;dbp;4;0,000484286417212301
18;dbp;5;6,75436353434346e-05
18;hr;1;1,207506568714e-05
18;hr;2;0,100653622151391
18;hr;3;0,00826445036642513
18;hr;4;0,0219979704802968
18;hr;5;0,00955257901617879
19;gender;1;0,00105086289708372
19;gender;2;0,237942796218866
19;gender;3;0,00252029182297842
19;gender;4;0,0225588915098791
19;gender;5;0,00575157620587248
19;copd;1;0,003059448933308
19;copd;2;0,000117768029536781
19;copd;3;0,0581882970777123
19;copd;4;0,00083415173120949
19;copd;5;4,65797221027041e-06
19;hypertension;1;0,00366280508745999
19;hypertension;2;6,4584305239264e-05
19;hypertension;3;0,077513420400006
19;hypertension;4;0,00156505622154775
19;hypertension;5;0,136532646575819
19;previoushf;1;0,566660659870861
19;previoushf;2;0,000851993039306467
19;previoushf;3;1,58694045053675e-08
19;previoushf;4;0,000971627270871929
19;previoushf;5;0,000947921545546416
19;afib;1;0,00053883124318224
19;afib;2;0,0672041615719862
19;afib;3;0,155646046445242
19;afib;4;0,0231636256452573
19;afib;5;0,000321738912960459
19;cad;1;0,149675309586356
19;cad;2;0,00262301544197979
19;cad;3;0,00788761423964163
19;cad;4;0,0529039954070293
19;cad;5;3,61836892841885e-05
19;bmi;1;2,09323984066513e-07
19;bmi;2;0,203052151664
19;bmi;3;1,46801971694888e-05
19;bmi;4;0,0268222734255827
19;bmi;5;1,02191481216571e-07
19;age;1;0,0368165121805563
19;age;2;0,152025350228281
19;age;3;0,00139219212527155
19;age;4;0,00511761463070834
19;age;5;0,00025288055037481
19;egfr;1;0,0706146770547076
19;egfr;2;0,00111033201215174
19;egfr;3;1,69801269372898e-05
19;egfr;4;0,00272572439442704
19;egfr;5;0,176127587361253
19;sbp;1;0,21937747553548
19;sbp;2;0,00226479365892616
19;sbp;3;0,0188999005435591
19;sbp;4;5,9135993638111e-05
19;sbp;5;0,0064666158708298
19;dbp;1;0,607376760053423
19;dbp;2;0,00165291671777262
19;dbp;3;0,00148463871096381
19;dbp;4;0,000762296900426199
19;dbp;5;0,00144326019059137
19;hr;1;0,0160609056618573
19;hr;2;0,0379197476142053
19;hr;3;0,151755959194656
19;hr;4;0,0220272932507911
19;hr;5;5,91742708553111e-06
2;gender;1;0,0067032287948648
2;gender;2;3,5738073230481e-05
2;gender;3;0,0406619681824988
2;gender;4;0,0577934133497746
2;gender;5;0,00418109943211669
2;copd;1;7,28131557160508e-05
2;copd;2;0,0634700954720488
2;copd;3;0,0043396290685906
2;copd;4;0,00337867066097944
2;copd;5;0,0343531518300566
2;hypertension;1;0,146716783527738
2;hypertension;2;0,00335269762947598
2;hypertension;3;0,00843061837606274
2;hypertension;4;0,00207184616376115
2;hypertension;5;1,59462707471636e-05
2;previoushf;1;0,0177631153872494
2;previoushf;2;0,0442894570964019
2;previoushf;3;0,00096093311661989
2;previoushf;4;0,0148719652488485
2;previoushf;5;4,01421265409346e-07
2;afib;1;2,187417143398e-05
2;afib;2;0,00955622627651746
2;afib;3;0,131244432216795
2;afib;4;0,00655088491468101
2;afib;5;0,0119729562348086
2;cad;1;1,34055675896577e-11
2;cad;2;0,00806630823230246
2;cad;3;0,0776515952568512
2;cad;4;0,0689687853797638
2;cad;5;0,00474068342645786
2;bmi;1;0,0622645045156358
2;bmi;2;0,0012310487476526
2;bmi;3;0,00323897866668335
2;bmi;4;0,000781545787101529
2;bmi;5;0,0243202143432752
2;age;1;0,000226668791551228
2;age;2;0,113960365284086
2;age;3;0,0210602248114697
2;age;4;0,0400158191576915
2;age;5;1,19019414434411e-08
2;egfr;1;0,00221592565086313
2;egfr;2;0,0255873170589146
2;egfr;3;0,00317119461843469
2;egfr;4;0,00236207172854785
2;egfr;5;0,163884622287624
2;sbp;1;0,553912644343501
2;sbp;2;2,84738051345812e-05
2;sbp;3;0,000953146080574091
2;sbp;4;0,00464324802692986
2;sbp;5;0,00133734176340311
2;dbp;1;0,526613653641952
2;dbp;2;0,00122037868928134
2;dbp;3;0,000431772545252834
2;dbp;4;0,00225962508633752
2;dbp;5;0,00122855963396971
2;hr;1;0,0254198006651899
2;hr;2;0,0732903310506668
2;hr;3;0,000141993763838486
2;hr;4;0,00111721180305375
2;hr;5;6,43536010888152e-05
20;gender;1;0,0120753467049374
20;gender;2;5,86404437386571e-05
20;gender;3;0,0324992465502546
20;gender;4;0,0176620890032168
20;gender;5;4,19073975043667e-06
20;copd;1;0,000373050537200938
20;copd;2;0,00220787861627013
20;copd;3;0,0623369670810893
20;copd;4;0,00302295492912669
20;copd;5;0,0114890623572368
20;hypertension;1;0,066324721287646
20;hypertension;2;0,0486437072765725
20;hypertension;3;0,0006145988579948
20;hypertension;4;0,000186832422599118
20;hypertension;5;0,000128555285213741
20;previoushf;1;5,43664719444051e-07
20;previoushf;2;0,000157419642485697
20;previoushf;3;0,217294312212231
20;previoushf;4;0,00107977981419319
20;previoushf;5;0,0232917805574013
20;afib;1;0,0116481531506716
20;afib;2;0,00881890862690375
20;afib;3;1,03850397348681e-06
20;afib;4;0,177681430993064
20;afib;5;1,13614171170621e-05
20;cad;1;3,3366339033911e-05
20;cad;2;0,0208769165715002
20;cad;3;0,00629736341137927
20;cad;4;0,00168751297006405
20;cad;5;0,134094321733407
20;bmi;1;0,000831245238807092
20;bmi;2;4,90161625065652e-05
20;bmi;3;0,0780126356995778
20;bmi;4;4,18282751850857e-05
20;bmi;5;0,0905194123654019
20;age;1;0,0884204768615161
20;age;2;0,0514571572118173
20;age;3;0,00198991263819487
20;age;4;0,0133576885274021
20;age;5;9,08888945320467e-09
20;egfr;1;0,0156800241406276
20;egfr;2;0,113150052539493
20;egfr;3;1,21677423783107e-08
20;egfr;4;0,000123394112706405
20;egfr;5;0,00140627347468043
20;sbp;1;0,467201962758735
20;sbp;2;0,00507285074371566
20;sbp;3;2,76867313978348e-08
20;sbp;4;0,0182071152291002
20;sbp;5;1,14437087707609e-05
20;dbp;1;0,338209485971937
20;dbp;2;0,0305674962334937
20;dbp;3;1,80594921409985e-06
20;dbp;4;0,0149187043642663
20;dbp;5;2,22252480945075e-05
20;hr;1;2,40456610837326e-05
20;hr;2;0,159494743393417
20;hr;3;0,00425430388165744
20;hr;4;0,00272682938659259
20;hr;5;0,00116345892835249
21;gender;1;0,0136263079938554
21;gender;2;0,0404869247391157
21;gender;3;0,000113045711157969
21;gender;4;0,0797264301310487
21;gender;5;0,0063897301755743
21;copd;1;9,26103739402832e-10
21;copd;2;1,34345788650121e-07
21;copd;3;0,058646042344812
21;copd;4;0,059394397010288
21;copd;5;0,00191191217756526
21;hypertension;1;0,00690403310023961
21;hypertension;2;0,0283080856931178
21;hypertension;3;0,00438075571302664
21;hypertension;4;0,0706046321174175
21;hypertension;5;0,000738023361240816
21;previoushf;1;0,000541295692907154
21;previoushf;2;0,0446867879755663
21;previoushf;3;0,000529573104235104
21;previoushf;4;0,0535733087416044
21;previoushf;5;6,60485905481285e-05
21;afib;1;0,000682119583796099
21;afib;2;3,54612341704458e-07
21;afib;3;0,343828416629639
21;afib;4;4,67042337371478e-05
21;afib;5;0,000216514267279464
21;cad;1;0,0170402680389793
21;cad;2;1,09605493794135e-13
21;cad;3;0,00750505434525919
21;cad;4;0,000301106894680452
21;cad;5;0,00196218209354963
21;bmi;1;0,0157984508520446
21;bmi;2;0,00556230248918388
21;bmi;3;1,30848837514311e-05
21;bmi;4;0,000741250729014479
21;bmi;5;0,267974463802184
21;age;1;6,95320386042008e-05
21;age;2;0,239177717188893
21;age;3;0,00725299663346989
21;age;4;0,000966789594605368
21;age;5;0,0142967400860528
21;egfr;1;3,49035151777077e-06
21;egfr;2;0,139874224717576
21;egfr;3;0,000404458932942678
21;egfr;4;0,000891779814349481
21;egfr;5;0,00160928802470596
21;sbp;1;0,589665143035005
21;sbp;2;0,000242554863471673
21;sbp;3;0,000983610142347944
21;sbp;4;2,65433222832271e-09
21;sbp;5;0,00461252948414333
21;dbp;1;0,497204477998132
21;dbp;2;0,00313255600460748
21;dbp;3;0,000239336418348006
21;dbp;4;5,04634021493123e-07
21;dbp;5;0,00927612124979714
21;hr;1;2,97416689984366e-05
21;hr;2;0,0101660664426095
21;hr;3;0,11948113625423
21;hr;4;0,00177954096430324
21;hr;5;1,32599074642242e-05
22;gender;1;0,0148481198599434
22;gender;2;0,0228872307020229
22;gender;3;0,027843528129801
22;gender;4;0,0118967324633546
22;gender;5;0,00860220020999972
22;copd;1;0,00106245960262557
22;copd;2;2,5290865455397e-05
22;copd;3;0,139645215727217
22;copd;4;0,00117668530642406
22;copd;5;0,0891004563428883
22;hypertension;1;0,0249164724968118
22;hypertension;2;0,0124754309647982
22;hypertension;3;0,0057523163514855
22;hypertension;4;5,32512015197179e-05
22;hypertension;5;0,0119797270754688
22;previoushf;1;0,0197354040341844
22;previoushf;2;0,000135062329311855
22;previoushf;3;0,17637149522244
22;previoushf;4;0,00200227811349109
22;previoushf;5;2,36958236389391e-07
22;afib;1;0,00530138476389749
22;afib;2;0,000312672546219408
22;afib;3;0,0307933368910275
22;afib;4;0,235291260374436
22;afib;5;5,04904247005886e-06
22;cad;1;0,0711492792602713
22;cad;2;0,000374031428625139
22;cad;3;0,00223223830707708
22;cad;4;0,00143573151051945
22;cad;5;0,0309594480574204
22;bmi;1;0,00192495311655915
22;bmi;2;9,38975025069944e-05
22;bmi;3;0,135160798697963
22;bmi;4;0,000175287386814326
22;bmi;5;0,0224846704830422
22;age;1;0,235930838490922
22;age;2;0,00194433604079214
22;age;3;5,95688066737872e-05
22;age;4;0,0413481689343776
22;age;5;6,39133259803854e-05
22;egfr;1;0,131022020123591
22;egfr;2;5,44630369892038e-05
22;egfr;3;0,00015351159789612
22;egfr;4;0,00133734626920697
22;egfr;5;0,00989434468648008
22;sbp;1;0,000355243619709893
22;sbp;2;0,708536281932002
22;sbp;3;5,45862530886593e-08
22;sbp;4;1,11770372544737e-07
22;sbp;5;0,000308823023369699
22;dbp;1;0,00999104974372296
22;dbp;2;0,523274666167268
22;dbp;3;0,000397187669015198
22;dbp;4;1,98284388361789e-08
22;dbp;5;5,66535117814949e-06
22;hr;1;0,128850864371037
22;hr;2;0,00139550500220269
22;hr;3;7,07834727951694e-07
22;hr;4;0,0518496230353575
22;hr;5;1,18344314864239e-05
23;gender;1;0,00171491604379561
23;gender;2;0,0239218490280674
23;gender;3;0,016217731994962
23;gender;4;0,0945888823753204
23;gender;5;6,60240988119838e-06
23;copd;1;7,83033943254515e-08
23;copd;2;0,0125763193204719
23;copd;3;1,03202992013212e-05
23;copd;4;0,0046172055454696
23;copd;5;0,265736908520962
23;hypertension;1;0,0404565909364514
23;hypertension;2;0,0337928700605165
23;hypertension;3;0,000230260997029
23;hypertension;4;0,0380910784220331
23;hypertension;5;0,000280902310895657
23;previoushf;1;0,0130795183690589
23;previoushf;2;0,00044770501067237
23;previoushf;3;0,00249606000217855
23;previoushf;4;0,000340166263550387
23;previoushf;5;0,179808346391687
23;afib;1;1,61123220253613e-10
23;afib;2;0,0604400936687306
23;afib;3;0,0704224009659547
23;afib;4;0,00425305227277949
23;afib;5;1,18773814517658e-07
23;cad;1;0,00024207949578762
23;cad;2;0,00391220750254329
23;cad;3;0,316971682840667
23;cad;4;0,000278290610531352
23;cad;5;0,000642110317570943
23;bmi;1;0,0206312251985095
23;bmi;2;9,5296186969385e-08
23;bmi;3;3,70563746686101e-06
23;bmi;4;0,173669099989836
23;bmi;5;0,000283432996704145
23;age;1;0,00066033884996915
23;age;2;0,0945892114029033
23;age;3;0,0392200016589015
23;age;4;0,00743518658623156
23;age;5;0,00544343896251176
23;egfr;1;5,47534523944189e-08
23;egfr;2;0,219350029345218
23;egfr;3;0,000193914714647153
23;egfr;4;0,000900220346577861
23;egfr;5;2,58562870470089e-05
23;sbp;1;0,567191494930738
23;sbp;2;1,0303193152662e-06
23;sbp;3;0,00169409590684703
23;sbp;4;0,000256441671943378
23;sbp;5;0,000111318605305855
23;dbp;1;0,451124951119365
23;dbp;2;0,0106738907973522
23;dbp;3;5,75039584637735e-10
23;dbp;4;5,31148611192378e-05
23;dbp;5;6,60555352389265e-06
23;hr;1;0,0125603926194761
23;hr;2;0,0480444871046122
23;hr;3;0,0444271450182983
23;hr;4;0,000118670241395554
23;hr;5;0,000305135218372662
24;gender;1;0,00235792979493145
24;gender;2;0,00022789787547983
24;gender;3;0,00112589952614715
24;gender;4;0,169147316211774
24;gender;5;0,0211175576963071
24;copd;1;0,00310100613609899
24;copd;2;0,00351156942268823
24;copd;3;0,000321151124282161
24;copd;4;0,00523198832079631
24;copd;5;0,125735201668288
24;hypertension;1;0,0556176673662502
24;hypertension;2;0,0179969754859838
24;hypertension;3;0,00730046378502226
24;hypertension;4;0,0112015391114047
24;hypertension;5;0,000846090767500947
24;previoushf;1;2,04899953406373e-06
24;previoushf;2;0,0996299433538898
24;previoushf;3;0,000656773915023101
24;previoushf;4;0,0604798296285504
24;previoushf;5;0,0036467791452892
24;afib;1;3,07213020659306e-06
24;afib;2;0,00955183440439129
24;afib;3;0,198544963514755
24;afib;4;0,0004527387642729
24;afib;5;2,91945974331589e-06
24;cad;1;0,000954784492578189
24;cad;2;0,00317719959989398
24;cad;3;0,0413492166418651
24;cad;4;0,00319383216027621
24;cad;5;5,33413603375779e-05
24;bmi;1;0,00532054191189312
24;bmi;2;0,000694843291160376
24;bmi;3;0,000100269553409532
24;bmi;4;0,00504794842696197
24;bmi;5;0,117522303313271
24;age;1;0,00324368178188314
24;age;2;0,268321222341388
24;age;3;0,000184162694084173
24;age;4;3,53293799378532e-05
24;age;5;0,00295076383406828
24;egfr;1;5,91546113835207e-06
24;egfr;2;0,245294133068682
24;egfr;3;0,00262288093982849
24;egfr;4;8,37460404283994e-07
24;egfr;5;1,32248023637744e-06
24;sbp;1;0,646113259562803
24;sbp;2;1,34156088838799e-06
24;sbp;3;2,44395156449401e-06
24;sbp;4;0,00147249736924405
24;sbp;5;5,66117257036342e-09
24;dbp;1;0,545140135891807
24;dbp;2;0,000584802729617359
24;dbp;3;0,00199777830256543
24;dbp;4;0,00356455363192263
24;dbp;5;3,28847598767186e-05
24;hr;1;3,0898750892066e-08
24;hr;2;1,88690225549254e-06
24;hr;3;0,301214846716717
24;hr;4;0,00442331482430382
24;hr;5;0,00202791106674437
25;gender;1;0,000417810026467757
25;gender;2;0,000629272018607432
25;gender;3;2,69167196428053e-07
25;gender;4;0,0184086424993396
25;gender;5;0,423508180477033
25;copd;1;0,000810161996285161
25;copd;2;0,0235358265305204
25;copd;3;0,00736158500476138
25;copd;4;0,0549278171312222
25;copd;5;1,40149275616211e-05
25;hypertension;1;0,0702151214616329
25;hypertension;2;0,0689183240166316
25;hypertension;3;0,000195074743608394
25;hypertension;4;0,0010163559898302
25;hypertension;5;2,02278044577618e-07
25;previoushf;1;0,00108214032414851
25;previoushf;2;3,80183404999952e-09
25;previoushf;3;0,163836210939059
25;previoushf;4;0,000754269363933153
25;previoushf;5;0,00648514445945013
25;afib;1;8,21312362687414e-07
25;afib;2;0,0855534309335638
25;afib;3;0,050021533063795
25;afib;4;0,0206483612261555
25;afib;5;0,000534459215651026
25;cad;1;1,0763902458033e-09
25;cad;2;0,112292005757953
25;cad;3;4,30982040454254e-06
25;cad;4;8,19910901981096e-05
25;cad;5;0,0337962913258245
25;bmi;1;0,000980879340964666
25;bmi;2;2,85742160182852e-05
25;bmi;3;0,0703019824147676
25;bmi;4;0,0381214608227268
25;bmi;5;0,000306421504933324
25;age;1;0,0694422262463398
25;age;2;0,00402741087580528
25;age;3;0,138359099460043
25;age;4;7,87990878977963e-05
25;age;5;8,34795471513846e-05
25;egfr;1;6,8394447888582e-05
25;egfr;2;0,00277592919236062
25;egfr;3;0,0363688149064991
25;egfr;4;0,0658788804847672
25;egfr;5;0,00943042943837554
25;sbp;1;0,6077877292633
25;sbp;2;0,000780002674985497
25;sbp;3;0,00227970788633616
25;sbp;4;6,22912839673049e-06
25;sbp;5;3,86678403294828e-05
25;dbp;1;0,44437518766734
25;dbp;2;0,0112009807959845
25;dbp;3;0,000946728868628286
25;dbp;4;0,000203768975560808
25;dbp;5;0,000156644192816245
25;hr;1;0,000293114722760975
25;hr;2;0,134103406613026
25;hr;3;4,34721325981185e-06
25;hr;4;0,0111505666750998
25;hr;5;3,986112140717e-07
26;gender;1;2,47265382484522e-06
26;gender;2;0,0800427833360677
26;gender;3;0,0191051086411688
26;gender;4;0,0120435920093639
26;gender;5;0,00101147146635669
26;copd;1;0,000172430517821088
26;copd;2;0,000222400008005061
26;copd;3;0,0609850617462205
26;copd;4;0,0102698532590005
26;copd;5;0,0902272556998248
26;hypertension;1;0,00820385457467443
26;hypertension;2;0,19853801594407
26;hypertension;3;0,00104081774367334
26;hypertension;4;0,000199634556088386
26;hypertension;5;1,66629637108289e-05
26;previoushf;1;0,000216371598136758
26;previoushf;2;0,00123820107888514
26;previoushf;3;0,193259988915756
26;previoushf;4;0,0130905169452156
26;previoushf;5;0,000724307739228449
26;afib;1;0,00117590396958614
26;afib;2;0,000879562341117277
26;afib;3;0,00767401594946897
26;afib;4;0,0865837451810064
26;afib;5;0,0353451616221352
26;cad;1;0,00747744789691175
26;cad;2;0,0013658586798577
26;cad;3;0,0816091756722727
26;cad;4;0,000241668370453877
26;cad;5;0,0159118097781608
26;bmi;1;0,0171105406301121
26;bmi;2;0,00031135652598142
26;bmi;3;0,00144662304058135
26;bmi;4;0,0236895455701819
26;bmi;5;0,0989442857337248
26;age;1;0,00131251780876073
26;age;2;0,285749954699169
26;age;3;4,55466970030598e-07
26;age;4;0,00122161530664203
26;age;5;0,000470109280592712
26;egfr;1;1,24698586395828e-05
26;egfr;2;0,128295407039104
26;egfr;3;0,00271241252419282
26;egfr;4;0,00704461565012558
26;egfr;5;4,45010349364676e-08
26;sbp;1;0,593765369265387
26;sbp;2;3,32044759321423e-07
26;sbp;3;7,0539507759481e-07
26;sbp;4;0,00478784728762202
26;sbp;5;2,81481789246658e-13
26;dbp;1;0,682149080946206
26;dbp;2;0,000846454199534479
26;dbp;3;2,53601834852083e-05
26;dbp;4;0,000448033440067817
26;dbp;5;1,45431653670137e-05
26;hr;1;0,0722654370306835
26;hr;2;0,0100451440769159
26;hr;3;7,4103543243989e-06
26;hr;4;0,0187223324903281
26;hr;5;1,2948958353451e-05
27;gender;1;0,00108728884016241
27;gender;2;0,0248749483320154
27;gender;3;0,000383836613097404
27;gender;4;0,0238207434700151
27;gender;5;0,145395279241002
27;copd;1;0,174632827084267
27;copd;2;8,70353518640622e-06
27;copd;3;4,6041925817178e-05
27;copd;4;0,0967605364563489
27;copd;5;5,27057985504933e-05
27;hypertension;1;0,221237251591991
27;hypertension;2;3,88458215546495e-06
27;hypertension;3;6,31247820371601e-05
27;hypertension;4;0,0151979956049135
27;hypertension;5;0,0050555849068628
27;previoushf;1;0,000176576306899773
27;previoushf;2;0,0206687570357152
27;previoushf;3;0,00573525299052688
27;previoushf;4;0,312044271412794
27;previoushf;5;0,000709319084695753
27;afib;1;0,00140308499739695
27;afib;2;5,3945202998122e-07
27;afib;3;0,544164436024807
27;afib;4;1,09508028888482e-09
27;afib;5;0,000804255137198766
27;cad;1;0,0615073456558583
27;cad;2;0,00539394760963267
27;cad;3;0,0439286142640253
27;cad;4;1,30846050373054e-08
27;cad;5;0,00030221688284336
27;bmi;1;0,0855154840676447
27;bmi;2;0,0319432535564437
27;bmi;3;0,00283017174335274
27;bmi;4;0,000219891716642232
27;bmi;5;3,71200313938796e-06
27;age;1;0,00343753833673718
27;age;2;0,152257437081768
27;age;3;0,00162371973235493
27;age;4;0,000488406026342058
27;age;5;0,0692221831762011
27;egfr;1;0,0825594063507112
27;egfr;2;0,00426627845413507
27;egfr;3;0,00260934683678024
27;egfr;4;1,14299499109599e-05
27;egfr;5;0,00122124317892005
27;sbp;1;0,00861836655020237
27;sbp;2;0,39218741368557
27;sbp;3;4,73239273376831e-05
27;sbp;4;0,00250651194400248
27;sbp;5;0,00927927556152893
27;dbp;1;0,000492774468579512
27;dbp;2;0,37370886262823
27;dbp;3;7,24961271574449e-05
27;dbp;4;0,00114292702410544
27;dbp;5;0,0418051567893077
27;hr;1;0,170616499213418
27;hr;2;0,000100989449784094
27;hr;3;0,0765204801764695
27;hr;4;0,00270571024625682
27;hr;5;0,00114680969941803
4;gender;1;0,00435949299938897
4;gender;2;0,102636030443881
4;gender;3;0,00233116756328249
4;gender;4;0,0548527362905456
4;gender;5;7,85981793175089e-09
4;copd;1;0,000232746456731059
4;copd;2;0,000126123302209331
4;copd;3;0,0124928593908526
4;copd;4;0,0411142962031913
4;copd;5;0,0295519916046677
4;hypertension;1;0,0439327721782203
4;hypertension;2;0,000635075960031247
4;hypertension;3;0,103256435395152
4;hypertension;4;3,52689674124857e-08
4;hypertension;5;0,0158271839968784
4;previoushf;1;0,00366372244558848
4;previoushf;2;0,0036992397068262
4;previoushf;3;0,192353279618813
4;previoushf;4;3,80315715748843e-07
4;previoushf;5;2,7602574902423e-07
4;afib;1;1,29648989662055e-05
4;afib;2;0,00210918036792894
4;afib;3;0,128184816697909
4;afib;4;0,000517985851257321
4;afib;5;0,0111715536902854
4;cad;1;0,000199818116889215
4;cad;2;0,19301672649378
4;cad;3;0,00935336448255882
4;cad;4;0,000671157374849842
4;cad;5;1,23211793902373e-05
4;bmi;1;0,00808497527920763
4;bmi;2;0,0211155269714481
4;bmi;3;0,000174538251748641
4;bmi;4;0,0770524444999253
4;bmi;5;0,0200602431333758
4;age;1;0,143981447586933
4;age;2;0,00205838787905437
4;age;3;8,56254864899504e-05
4;age;4;0,0440755054169714
4;age;5;0,0272279531671232
4;egfr;1;0,00275761951361893
4;egfr;2;0,125331799552514
4;egfr;3;0,000164097465635612
4;egfr;4;1,14546583672562e-05
4;egfr;5;0,0435391451032382
4;sbp;1;0,633094452427414
4;sbp;2;0,000224046495609009
4;sbp;3;0,000304808041531171
4;sbp;4;4,5417457124603e-05
4;sbp;5;8,05865867760857e-05
4;dbp;1;0,478032862391146
4;dbp;2;0,00333068372726763
4;dbp;3;0,000528038882543397
4;dbp;4;0,000330286042877176
4;dbp;5;0,000102872437313694
4;hr;1;6,99784600431243e-06
4;hr;2;0,017007068086358
4;hr;3;0,012373647831202
4;hr;4;0,130675429403874
4;hr;5;0,0115347669308375
5;gender;1;0,000256894356985519
5;gender;2;0,0238234781198539
5;gender;3;0,0966008742941147
5;gender;4;0,00917857218174823
5;gender;5;0,000937260651659711
5;copd;1;1,20047107688839e-07
5;copd;2;0,00213966112166908
5;copd;3;0,0169799483819294
5;copd;4;1,21522672937573e-11
5;copd;5;0,433366954523617
5;hypertension;1;0,0247197927564494
5;hypertension;2;0,0240007279738825
5;hypertension;3;0,00820266031604957
5;hypertension;4;0,000253067922259469
5;hypertension;5;0,00238762411597397
5;previoushf;1;0,0240291199132468
5;previoushf;2;0,000157134726848227
5;previoushf;3;0,00316880511167839
5;previoushf;4;0,0151218200291898
5;previoushf;5;0,000193402308610836
5;afib;1;1,70650802553845e-05
5;afib;2;0,00101226144589842
5;afib;3;0,0130454479088033
5;afib;4;0,171105164055513
5;afib;5;0,0020660508799123
5;cad;1;0,000202088692087323
5;cad;2;0,00036801951096391
5;cad;3;0,0658625224514246
5;cad;4;0,103692805503981
5;cad;5;1,09988939469891e-10
5;bmi;1;0,0270123827354939
5;bmi;2;7,39465526668758e-05
5;bmi;3;0,0276139686550241
5;bmi;4;0,0211414815669516
5;bmi;5;0,000928424635777634
5;age;1;3,56252019354761e-12
5;age;2;0,410713773507071
5;age;3;0,000557689924425105
5;age;4;7,32600345356793e-08
5;age;5;0,00446095238119382
5;egfr;1;0,0012473152580799
5;egfr;2;0,141725992271289
5;egfr;3;5,28399671319836e-06
5;egfr;4;1,09971169304791e-05
5;egfr;5;0,00748900203705102
5;sbp;1;0,582372265534456
5;sbp;2;0,00059379317749908
5;sbp;3;5,70836425933365e-08
5;sbp;4;1,24217193516453e-06
5;sbp;5;5,53990466473497e-07
5;dbp;1;0,570534839386604
5;dbp;2;4,61159176258956e-06
5;dbp;3;1,10432861021832e-06
5;dbp;4;0,000181820527050872
5;dbp;5;6,81988189347166e-07
5;hr;1;0,00228584467805932
5;hr;2;0,0116495610754512
5;hr;3;0,018898369929867
5;hr;4;0,0124000396941374
5;hr;5;0,0055171152116909
7;gender;1;5,98378976475697e-06
7;gender;2;0,256985769870707
7;gender;3;0,00137306713874034
7;gender;4;0,000230398512341424
7;gender;5;3,72846367216077e-08
7;copd;1;0,000487104232570344
7;copd;2;0,014792519600743
7;copd;3;0,00125224226240068
7;copd;4;7,47460293630176e-05
7;copd;5;0,334147365963302
7;hypertension;1;0,0267580057484751
7;hypertension;2;0,000682617244701997
7;hypertension;3;0,0401086417106929
7;hypertension;4;0,00011620541295386
7;hypertension;5;0,00238586066623068
7;previoushf;1;1,68927970591445e-05
7;previoushf;2;0,000705797817332567
7;previoushf;3;0,00224051762718514
7;previoushf;4;0,172390873771361
7;previoushf;5;0,0054048276387992
7;afib;1;0,000142103981969697
7;afib;2;0,000500792516383779
7;afib;3;0,0576103736521956
7;afib;4;0,0426071509188014
7;afib;5;7,63675526620988e-05
7;cad;1;3,43558589601678e-05
7;cad;2;0,00302172314314219
7;cad;3;0,160088415075306
7;cad;4;0,00210879306374732
7;cad;5;0,00618304356624165
7;bmi;1;0,0409972584056666
7;bmi;2;0,00844625810807544
7;bmi;3;0,00603154496158023
7;bmi;4;0,0154842084069733
7;bmi;5;5,02162750265306e-06
7;age;1;0,000380907357517951
7;age;2;0,0766823854262778
7;age;3;0,00674977969103298
7;age;4;0,00567235858749343
7;age;5;0,0600875053142354
7;egfr;1;8,9522847002549e-08
7;egfr;2;0,0153286054515069
7;egfr;3;0,0510090402891995
7;egfr;4;0,0172486375405896
7;egfr;5;0,00131911208027868
7;sbp;1;0,123872672883768
7;sbp;2;0,0420299880377547
7;sbp;3;2,86451204141445e-05
7;sbp;4;0,0105983366272599
7;sbp;5;2,02358042933446e-05
7;dbp;1;0,453598514074124
7;dbp;2;9,14271375586833e-05
7;dbp;3;0,0004515782775724
7;dbp;4;0,000341575140698213
7;dbp;5;3,97177324186884e-09
7;hr;1;0,0760701990061433
7;hr;2;0,0061730266995204
7;hr;3;0,00272086602646332
7;hr;4;4,48341556656687e-06
7;hr;5;4,23244349568343e-05
8;gender;1;4,5707921215711e-06
8;gender;2;0,0558068978554445
8;gender;3;0,000108442656438224
8;gender;4;0,00255328717254603
8;gender;5;0,00136003736932083
8;copd;1;1,13877738164935e-05
8;copd;2;0,00503900079226218
8;copd;3;0,0200268532487992
8;copd;4;0,071107757183774
8;copd;5;0,0109984551261787
8;hypertension;1;0,0310636973748976
8;hypertension;2;0,0210904085219893
8;hypertension;3;0,0391665245756531
8;hypertension;4;0,000173815955807673
8;hypertension;5;0,000331723418309425
8;previoushf;1;0,00619464991250745
8;previoushf;2;0,00164457574888296
8;previoushf;3;0,000955616224126937
8;previoushf;4;0,121124481181635
8;previoushf;5;0,00835957494271414
8;afib;1;3,08252500564864e-05
8;afib;2;0,000355657564895168
8;afib;3;0,0399830023020904
8;afib;4;0,00215977918208725
8;afib;5;0,316262168375107
8;cad;1;0,000299544653590201
8;cad;2;6,83513179635179e-05
8;cad;3;0,20824936585887
8;cad;4;0,0252972710103956
8;cad;5;0,00166775008228176
8;bmi;1;0,00256045720249688
8;bmi;2;0,0876360861646039
8;bmi;3;0,00458613270378799
8;bmi;4;0,0210803365209282
8;bmi;5;8,14929423076401e-07
8;age;1;0,000378164003720061
8;age;2;0,356303981469856
8;age;3;6,00165305385111e-10
8;age;4;3,08194805761367e-05
8;age;5;5,7160340193066e-06
8;egfr;1;1,93310129683111e-07
8;egfr;2;0,0419835863822463
8;egfr;3;0,0139542073444454
8;egfr;4;0,0080324481226811
8;egfr;5;2,82366167799709e-05
8;sbp;1;0,619881327620406
8;sbp;2;0,000313487607312831
8;sbp;3;4,71894333476174e-08
8;sbp;4;5,47167761061867e-11
8;sbp;5;0,000162549762916209
8;dbp;1;0,640764534766164
8;dbp;2;1,55926301415624e-07
8;dbp;3;0,000172209755799213
8;dbp;4;6,03376272361038e-08
8;dbp;5;0,000172877847886532
8;hr;1;0,0593979113390625
8;hr;2;2,52689139544439e-09
8;hr;3;0,0078950858714361
8;hr;4;0,000633159797764842
8;hr;5;0,00762293439009652
9;gender;1;7,62737583966197e-06
9;gender;2;0,0232385970502811
9;gender;3;0,0101352044406222
9;gender;4;0,0213916022628811
9;gender;5;0,0625584715084424
9;copd;1;0,000201541477138252
9;copd;2;0,00390237693737205
9;copd;3;0,000234252661799858
9;copd;4;0,0498254856635362
9;copd;5;0,0120419046299156
9;hypertension;1;0,0183751126474291
9;hypertension;2;0,000178261081021146
9;hypertension;3;1,11175953708068e-08
9;hypertension;4;0,043889346056156
9;hypertension;5;0,0467947686329678
9;previoushf;1;0,0198597322171391
9;previoushf;2;0,0234829201776788
9;previoushf;3;0,0240176124097894
9;previoushf;4;1,99636400081598e-06
9;previoushf;5;0,00717677586757118
9;afib;1;0,0145298531097745
9;afib;2;1,29091462782448e-06
9;afib;3;0,0383247282748122
9;afib;4;0,00991372907192539
9;afib;5;0,00964134582852954
9;cad;1;0,0348354288467494
9;cad;2;0,000178368311672723
9;cad;3;9,03827702269324e-05
9;cad;4;0,0681368848765825
9;cad;5;0,00371475237724325
9;bmi;1;0,000666916676992833
9;bmi;2;0,00342836596210306
9;bmi;3;0,141230638441189
9;bmi;4;0,0202744030821422
9;bmi;5;0,00970423841791068
9;age;1;0,0112340165831236
9;age;2;0,171624825034124
9;age;3;0,0011541404464358
9;age;4;0,00328117527873529
9;age;5;3,58218578811951e-05
9;egfr;1;0,0158137418889308
9;egfr;2;0,0367200700842909
9;egfr;3;0,00579903102848844
9;egfr;4;7,65673011368462e-05
9;egfr;5;0,0181065779126796
9;sbp;1;0,194125652732069
9;sbp;2;0,0866500500869953
9;sbp;3;0,000274192874975005
9;sbp;4;6,64318635495358e-05
9;sbp;5;1,04771789226277e-07
9;dbp;1;0,417040173729161
9;dbp;2;9,61998293559234e-06
9;dbp;3;0,0151073678776322
9;dbp;4;8,80200258630159e-06
9;dbp;5;8,44053914560352e-06
9;hr;1;0,0210376849539146
9;hr;2;0,0803934029803955
9;hr;3;0,0219895153839559
9;hr;4;0,00110317073730283
9;hr;5;0,000111972627845384
